customer_id,name,gender,country,dob,onboarding_date,pep_flag
CUST0,Vihaan,Male,US,1975-04-15,2022-02-27,0
CUST1,Kabir,Male,India,1980-06-04,2022-02-17,0
CUST2,Noah,Male,India,1993-02-02,2018-03-07,0
CUST3,Kabir,Male,UK,1984-08-07,2020-10-31,0
CUST4,Oliver,Male,UK,1983-01-31,2022-01-06,1
CUST5,Kabir,Male,US,1994-04-25,2021-04-21,0
CUST6,Arjun,Male,US,2005-06-25,2020-05-15,1
CUST7,Arjun,Male,US,1983-10-28,2023-05-15,0
CUST8,Vihaan,Male,US,1991-03-17,2018-07-18,1
CUST9,Noah,Male,India,1986-01-11,2022-07-11,1
CUST10,Oliver,Male,US,1979-10-07,2023-06-16,0
CUST11,Oliver,Male,UK,1987-04-26,2022-08-26,1
CUST12,Noah,Male,India,1982-10-16,2021-12-13,0
CUST13,Kabir,Male,India,2008-11-03,2019-08-16,0
CUST14,Vihaan,Male,US,1991-03-20,2019-07-24,1
CUST15,Arjun,Male,India,1990-10-09,2019-12-29,1
CUST16,Vihaan,Male,India,2001-06-28,2021-07-24,0
CUST17,Arjun,Male,US,1994-11-25,2020-02-17,0
CUST18,John,Male,India,2008-08-18,2022-05-09,0
CUST19,Aarav,Male,US,1988-04-25,2020-04-01,0
CUST20,Kabir,Male,UK,1999-08-10,2022-11-30,1
CUST21,Kabir,Male,US,2003-07-26,2020-10-19,1
CUST22,Arjun,Male,India,1986-01-17,2018-10-13,1
CUST23,Noah,Male,UK,1993-05-20,2023-01-13,1
CUST24,John,Male,UK,1984-01-02,2018-10-11,1
CUST25,Vihaan,Male,India,2008-01-25,2018-04-07,0
CUST26,Arjun,Male,US,2009-09-11,2021-10-25,0
CUST27,David,Male,US,1991-04-14,2021-05-05,1
CUST28,Oliver,Male,UK,1974-09-06,2021-10-25,0
CUST29,Oliver,Male,UK,2007-11-06,2019-07-01,1
CUST30,Vihaan,Male,India,1987-05-01,2020-06-09,1
CUST31,Aarav,Male,UK,2006-07-22,2022-11-29,1
CUST32,Oliver,Male,UK,2008-05-05,2019-01-01,0
CUST33,Rahul,Male,UK,2002-10-29,2020-11-05,0
CUST34,Arjun,Male,India,1990-12-09,2022-04-11,0
CUST35,Noah,Male,India,1988-09-14,2020-09-27,0
CUST36,John,Male,India,1987-12-17,2019-05-06,0
CUST37,Noah,Male,UK,1977-09-12,2018-06-25,1
CUST38,Vihaan,Male,India,2008-04-13,2020-12-26,0
CUST39,James,Male,US,1998-10-29,2018-12-05,1
CUST40,Kabir,Male,UK,1998-05-10,2022-03-27,0
CUST41,Rahul,Male,UK,1992-01-24,2021-10-07,1
CUST42,James,Male,India,1997-05-19,2020-07-13,0
CUST43,Kabir,Male,India,1977-01-14,2019-11-24,0
CUST44,Noah,Male,India,1984-01-17,2018-01-15,0
CUST45,Kabir,Male,India,1977-03-10,2023-01-29,1
CUST46,Vihaan,Male,US,1997-03-24,2019-05-03,1
CUST47,Kabir,Male,UK,1998-05-09,2018-09-28,1
CUST48,Kabir,Male,US,2009-05-12,2020-08-26,0
CUST49,Vihaan,Male,US,1978-07-07,2021-09-11,1
CUST50,David,Male,UK,1992-08-09,2020-08-14,0
CUST51,Vihaan,Male,UK,1976-11-19,2020-04-04,1
CUST52,Vihaan,Male,India,1985-04-26,2019-01-28,1
CUST53,Arjun,Male,US,1993-02-02,2019-01-11,1
CUST54,Kabir,Male,UK,1977-07-19,2020-06-26,0
CUST55,Aarav,Male,India,2003-06-02,2021-01-12,0
CUST56,Kabir,Male,US,1981-08-16,2020-04-12,1
CUST57,Kabir,Male,India,1992-02-26,2023-01-23,0
CUST58,David,Male,US,1974-04-06,2020-03-10,1
CUST59,Rahul,Male,UK,1993-02-20,2021-11-27,1
CUST60,Arjun,Male,India,1982-09-07,2019-08-31,0
CUST61,Noah,Male,India,2007-03-03,2021-01-15,1
CUST62,Aarav,Male,US,1976-05-31,2021-04-11,0
CUST63,Aarav,Male,India,1996-12-11,2018-06-14,0
CUST64,Noah,Male,India,1977-03-19,2021-10-14,1
CUST65,Vihaan,Male,UK,1999-09-20,2019-05-20,0
CUST66,Noah,Male,UK,1977-11-04,2020-05-08,1
CUST67,Rahul,Male,UK,1983-04-30,2021-10-03,1
CUST68,Kabir,Male,India,1986-01-29,2020-03-21,1
CUST69,James,Male,India,1988-05-07,2023-03-18,0
CUST70,James,Male,India,2002-01-11,2021-02-27,0
CUST71,Oliver,Male,US,1983-09-23,2020-11-02,0
CUST72,John,Male,India,1977-04-02,2022-12-06,1
CUST73,Rahul,Male,UK,1981-03-29,2020-06-16,1
CUST74,Noah,Male,India,2003-07-02,2020-12-19,1
CUST75,Vihaan,Male,India,1980-03-10,2019-06-26,0
CUST76,Oliver,Male,US,1981-02-19,2019-07-12,0
CUST77,John,Male,UK,1983-04-19,2021-11-08,1
CUST78,Oliver,Male,India,1996-01-30,2019-05-30,0
CUST79,David,Male,India,1986-07-30,2018-04-01,1
CUST80,Arjun,Male,India,2002-09-29,2019-06-21,1
CUST81,Oliver,Male,UK,2005-10-26,2020-05-25,0
CUST82,Vihaan,Male,UK,1977-07-16,2023-04-20,0
CUST83,Oliver,Male,US,1975-10-13,2022-09-06,0
CUST84,David,Male,US,1979-11-19,2018-03-27,1
CUST85,Aarav,Male,UK,1990-03-20,2019-03-07,0
CUST86,Vihaan,Male,UK,1990-01-11,2022-05-17,1
CUST87,Noah,Male,India,2007-10-14,2018-11-13,0
CUST88,Arjun,Male,India,1992-08-29,2018-02-20,1
CUST89,David,Male,UK,2004-03-19,2022-11-05,0
CUST90,Rahul,Male,UK,1981-04-22,2022-06-01,0
CUST91,David,Male,US,1975-11-26,2022-10-25,0
CUST92,Kabir,Male,US,1994-10-24,2019-12-18,0
CUST93,Kabir,Male,India,1975-03-24,2021-09-13,1
CUST94,John,Male,India,1986-08-30,2022-11-06,1
CUST95,John,Male,US,2002-12-10,2020-11-09,1
CUST96,Aarav,Male,US,1979-05-04,2022-12-02,0
CUST97,Noah,Male,India,1986-01-27,2018-03-20,1
CUST98,John,Male,US,2006-11-05,2022-05-30,1
CUST99,Noah,Male,US,1997-02-08,2018-08-25,0
CUST100,Rahul,Male,US,1976-02-27,2021-12-22,0
CUST101,Oliver,Male,UK,1998-04-26,2021-11-07,0
CUST102,John,Male,UK,1993-07-06,2018-05-24,1
CUST103,Noah,Male,India,1988-03-31,2021-09-20,1
CUST104,Oliver,Male,US,1988-01-15,2021-09-27,1
CUST105,David,Male,UK,2005-06-10,2019-08-29,0
CUST106,Kabir,Male,US,1993-01-09,2021-09-23,0
CUST107,Noah,Male,US,1999-09-11,2019-09-09,0
CUST108,Rahul,Male,US,1987-01-13,2019-03-07,1
CUST109,James,Male,UK,1993-12-25,2020-06-24,0
CUST110,Oliver,Male,UK,1995-05-23,2022-06-14,0
CUST111,Vihaan,Male,UK,1986-11-23,2020-11-21,1
CUST112,Vihaan,Male,UK,2007-11-10,2019-04-27,1
CUST113,Kabir,Male,India,1983-02-05,2018-10-29,0
CUST114,Kabir,Male,India,1995-06-24,2021-06-05,1
CUST115,David,Male,India,2002-06-01,2021-03-24,1
CUST116,James,Male,India,1992-02-03,2019-05-15,0
CUST117,Vihaan,Male,India,2009-01-30,2020-05-20,0
CUST118,Oliver,Male,UK,1995-01-02,2018-04-13,0
CUST119,Vihaan,Male,US,1994-08-22,2018-10-01,1
CUST120,James,Male,UK,2001-08-24,2022-07-28,1
CUST121,Oliver,Male,India,1994-03-02,2023-01-12,1
CUST122,James,Male,India,1985-10-16,2022-03-20,1
CUST123,Oliver,Male,India,1995-11-26,2021-07-07,1
CUST124,James,Male,US,1977-08-22,2022-01-01,0
CUST125,Rahul,Male,UK,1989-03-25,2019-10-17,0
CUST126,Arjun,Male,US,1980-12-06,2019-04-19,0
CUST127,Kabir,Male,US,1977-01-17,2020-04-29,1
CUST128,Oliver,Male,India,1995-01-24,2020-05-01,0
CUST129,David,Male,UK,1991-08-21,2023-01-28,0
CUST130,Noah,Male,India,1991-03-25,2020-09-03,1
CUST131,Rahul,Male,US,2007-12-18,2020-03-09,0
CUST132,James,Male,US,1984-01-04,2019-07-13,1
CUST133,Aarav,Male,UK,1991-08-11,2019-11-20,1
CUST134,Arjun,Male,India,1995-02-17,2023-02-27,0
CUST135,David,Male,UK,2000-09-18,2021-03-01,0
CUST136,Vihaan,Male,India,2002-12-30,2020-05-27,1
CUST137,Arjun,Male,US,1976-06-02,2019-06-17,1
CUST138,Kabir,Male,US,1994-07-24,2019-11-01,1
CUST139,Rahul,Male,US,2007-11-24,2023-05-03,1
CUST140,Vihaan,Male,UK,1995-04-06,2018-02-09,0
CUST141,John,Male,India,1984-03-22,2021-08-24,0
CUST142,Aarav,Male,India,1985-04-04,2019-02-13,0
CUST143,Kabir,Male,UK,1979-10-30,2020-08-27,0
CUST144,Noah,Male,UK,1983-12-11,2020-08-10,1
CUST145,John,Male,UK,1981-09-10,2021-05-25,0
CUST146,Arjun,Male,UK,1988-02-13,2018-08-10,0
CUST147,Rahul,Male,US,1999-12-29,2021-10-19,1
CUST148,Kabir,Male,UK,1977-07-29,2021-04-27,0
CUST149,Vihaan,Male,US,2005-06-09,2022-05-02,0
CUST150,Noah,Male,US,2009-04-09,2018-03-26,1
CUST151,John,Male,UK,1977-04-04,2020-11-02,1
CUST152,Aarav,Male,US,1993-01-03,2022-08-12,0
CUST153,David,Male,US,1990-05-31,2021-07-25,0
CUST154,David,Male,UK,1982-01-24,2022-02-11,1
CUST155,Noah,Male,US,1998-04-22,2022-05-06,1
CUST156,David,Male,US,2006-12-16,2021-04-28,1
CUST157,Kabir,Male,US,1978-01-19,2019-07-26,0
CUST158,James,Male,UK,1999-09-23,2021-06-03,1
CUST159,John,Male,US,1975-06-15,2020-10-09,0
CUST160,James,Male,US,1983-09-06,2019-12-28,1
CUST161,Rahul,Male,US,2000-11-27,2021-12-07,0
CUST162,Oliver,Male,India,1982-09-26,2018-06-25,1
CUST163,James,Male,India,1999-01-26,2022-04-02,1
CUST164,James,Male,India,1994-04-08,2022-06-12,0
CUST165,Rahul,Male,UK,1984-02-08,2020-04-08,0
CUST166,Rahul,Male,US,2003-12-13,2021-04-06,1
CUST167,Oliver,Male,US,1997-12-24,2019-12-06,1
CUST168,John,Male,US,2005-09-10,2020-07-18,1
CUST169,Rahul,Male,UK,1984-07-04,2018-09-05,0
CUST170,John,Male,UK,1979-07-12,2022-03-02,0
CUST171,Kabir,Male,US,1983-11-15,2022-02-21,1
CUST172,Noah,Male,UK,2008-04-07,2020-12-10,1
CUST173,Vihaan,Male,India,1982-11-15,2019-08-30,1
CUST174,Arjun,Male,UK,1987-09-22,2018-01-29,0
CUST175,Rahul,Male,India,1976-03-16,2023-06-19,1
CUST176,Arjun,Male,US,2002-10-11,2022-11-14,0
CUST177,Aarav,Male,US,1999-12-01,2019-08-06,1
CUST178,James,Male,India,1989-06-13,2019-01-13,1
CUST179,James,Male,India,1979-04-14,2022-08-11,1
CUST180,James,Male,UK,1977-06-27,2021-03-27,0
CUST181,Arjun,Male,UK,1980-11-09,2022-07-20,1
CUST182,Vihaan,Male,UK,1985-04-19,2018-08-31,1
CUST183,Noah,Male,UK,2000-11-26,2022-06-08,0
CUST184,Oliver,Male,US,1991-03-25,2020-07-11,1
CUST185,Noah,Male,UK,1993-05-26,2019-09-18,0
CUST186,Noah,Male,India,2007-05-13,2018-07-23,0
CUST187,Rahul,Male,India,2003-10-16,2018-06-16,0
CUST188,Arjun,Male,India,1998-12-04,2018-06-03,0
CUST189,David,Male,UK,1994-05-17,2021-11-12,1
CUST190,Rahul,Male,US,1975-08-18,2019-04-20,1
CUST191,James,Male,India,1977-05-11,2021-11-08,1
CUST192,Noah,Male,India,2003-10-28,2022-07-05,1
CUST193,Vihaan,Male,UK,1998-08-05,2019-04-06,0
CUST194,Rahul,Male,India,1980-07-18,2018-05-27,0
CUST195,Rahul,Male,UK,2000-11-09,2022-03-14,1
CUST196,James,Male,UK,1979-09-29,2020-08-17,1
CUST197,David,Male,UK,1986-05-18,2020-10-21,1
CUST198,James,Male,India,1977-10-09,2021-05-09,1
CUST199,John,Male,India,2001-03-31,2019-05-28,0
CUST200,Kabir,Male,UK,2004-05-30,2022-09-09,0
CUST201,Rahul,Male,India,2000-01-06,2018-03-24,1
CUST202,Oliver,Male,US,2003-05-23,2020-06-24,0
CUST203,Noah,Male,US,1993-09-19,2021-07-24,0
CUST204,James,Male,US,1989-10-09,2020-04-16,1
CUST205,Vihaan,Male,US,1981-05-18,2019-11-07,1
CUST206,Rahul,Male,US,2003-11-20,2023-04-20,0
CUST207,James,Male,US,1978-02-11,2019-10-07,1
CUST208,Vihaan,Male,UK,2008-10-26,2020-04-07,0
CUST209,Oliver,Male,India,1994-11-21,2020-04-26,0
CUST210,Oliver,Male,US,1990-05-24,2021-06-29,1
CUST211,Aarav,Male,UK,1983-04-19,2019-07-01,0
CUST212,Rahul,Male,UK,1993-10-26,2022-12-09,1
CUST213,Vihaan,Male,UK,1975-06-17,2023-06-17,0
CUST214,Arjun,Male,India,1988-02-08,2021-02-02,1
CUST215,Vihaan,Male,India,1984-03-30,2022-09-20,1
CUST216,Vihaan,Male,India,2003-03-22,2022-09-01,1
CUST217,Rahul,Male,US,1996-12-28,2021-12-15,1
CUST218,James,Male,US,1995-05-07,2019-05-15,0
CUST219,David,Male,UK,1982-09-18,2023-03-03,0
CUST220,Vihaan,Male,US,1986-07-23,2022-05-02,1
CUST221,Oliver,Male,India,1986-02-24,2022-08-08,1
CUST222,Rahul,Male,UK,2000-06-29,2021-04-02,1
CUST223,Arjun,Male,US,1994-03-13,2021-01-08,1
CUST224,John,Male,UK,1998-12-03,2022-04-12,1
CUST225,James,Male,India,1988-08-07,2022-11-16,0
CUST226,Noah,Male,US,1991-05-06,2019-04-24,0
CUST227,John,Male,UK,2007-07-28,2020-08-26,1
CUST228,David,Male,UK,2003-12-08,2022-06-11,0
CUST229,James,Male,UK,1975-10-29,2018-09-16,1
CUST230,Vihaan,Male,UK,1993-11-30,2018-07-24,1
CUST231,Aarav,Male,US,2006-07-28,2018-10-23,0
CUST232,Vihaan,Male,US,1995-03-24,2022-05-20,1
CUST233,Noah,Male,UK,2005-03-28,2020-03-25,0
CUST234,John,Male,UK,2004-05-31,2022-10-26,1
CUST235,John,Male,US,2002-04-13,2022-01-11,0
CUST236,Noah,Male,UK,1977-03-27,2019-04-26,1
CUST237,Kabir,Male,US,2007-08-31,2018-07-05,0
CUST238,Vihaan,Male,UK,1994-01-25,2018-12-07,1
CUST239,Aarav,Male,India,1976-03-24,2019-10-27,1
CUST240,John,Male,India,1990-12-24,2020-06-01,0
CUST241,Oliver,Male,UK,1992-08-25,2021-03-05,0
CUST242,Arjun,Male,UK,1982-01-07,2018-06-11,1
CUST243,Noah,Male,US,2004-10-22,2019-05-09,0
CUST244,Kabir,Male,US,1994-11-07,2021-07-30,1
CUST245,Rahul,Male,US,2004-01-29,2018-01-20,1
CUST246,Oliver,Male,US,1981-04-02,2018-06-01,1
CUST247,Noah,Male,US,1987-08-02,2021-08-01,1
CUST248,James,Male,US,1987-09-19,2019-02-12,1
CUST249,Vihaan,Male,UK,1984-10-21,2020-02-21,1
CUST250,Noah,Male,US,1987-06-09,2021-12-03,0
CUST251,David,Male,UK,1986-06-24,2018-01-17,0
CUST252,Noah,Male,US,2007-08-04,2020-10-14,0
CUST253,Noah,Male,UK,1989-12-20,2019-03-25,0
CUST254,Noah,Male,UK,1985-05-29,2021-10-20,0
CUST255,Vihaan,Male,India,2002-04-24,2021-08-16,1
CUST256,James,Male,US,1975-08-30,2021-04-01,0
CUST257,Vihaan,Male,UK,1987-05-28,2019-11-01,1
CUST258,Arjun,Male,UK,1983-03-04,2018-09-28,1
CUST259,Oliver,Male,US,1996-09-03,2023-02-14,0
CUST260,Rahul,Male,US,1995-10-12,2023-06-05,1
CUST261,Vihaan,Male,India,1995-03-05,2023-05-27,0
CUST262,Kabir,Male,UK,2004-07-02,2022-01-23,1
CUST263,Oliver,Male,US,1990-07-28,2018-07-04,0
CUST264,Rahul,Male,US,1998-03-27,2018-09-11,1
CUST265,Rahul,Male,UK,2000-05-21,2020-02-20,1
CUST266,Vihaan,Male,US,2004-06-08,2019-04-24,0
CUST267,Noah,Male,UK,1999-05-08,2019-11-03,0
CUST268,Vihaan,Male,US,2002-09-01,2022-08-15,1
CUST269,David,Male,India,1979-05-26,2018-10-14,0
CUST270,Rahul,Male,India,1996-04-06,2018-08-26,0
CUST271,Oliver,Male,US,1980-04-01,2020-03-06,1
CUST272,Oliver,Male,UK,1992-12-18,2021-04-17,0
CUST273,David,Male,US,2003-07-18,2018-07-22,1
CUST274,Rahul,Male,US,1975-08-20,2021-11-14,0
CUST275,James,Male,India,1994-02-10,2023-05-01,1
CUST276,Vihaan,Male,UK,2004-12-03,2020-01-23,1
CUST277,Aarav,Male,India,1992-01-10,2019-07-20,0
CUST278,James,Male,India,1978-04-11,2021-09-19,0
CUST279,Aarav,Male,India,2009-06-16,2019-11-15,0
CUST280,Noah,Male,UK,1983-05-16,2018-05-21,0
CUST281,Noah,Male,India,1983-11-08,2022-07-24,1
CUST282,Arjun,Male,UK,2009-07-17,2023-01-19,0
CUST283,Rahul,Male,UK,1980-08-27,2018-09-24,1
CUST284,Arjun,Male,India,1979-02-05,2021-09-15,0
CUST285,Aarav,Male,India,1990-03-27,2022-06-06,1
CUST286,Aarav,Male,India,1981-12-24,2019-06-28,0
CUST287,David,Male,UK,1997-10-06,2018-08-21,0
CUST288,James,Male,US,1994-04-10,2022-05-13,0
CUST289,James,Male,UK,1996-10-06,2019-03-30,0
CUST290,Oliver,Male,UK,1987-09-11,2020-07-27,0
CUST291,Aarav,Male,US,1995-08-26,2022-10-02,1
CUST292,Vihaan,Male,US,1996-02-27,2021-12-29,0
CUST293,Vihaan,Male,India,1988-08-12,2021-05-30,0
CUST294,Arjun,Male,UK,1986-07-02,2021-07-02,1
CUST295,David,Male,US,2000-12-17,2020-12-22,1
CUST296,Oliver,Male,India,2001-04-28,2020-05-31,0
CUST297,Oliver,Male,India,2006-07-02,2022-11-08,1
CUST298,James,Male,US,1984-05-31,2020-04-27,1
CUST299,David,Male,India,1992-10-28,2022-02-03,1
CUST300,David,Male,US,1988-03-08,2021-09-24,1
CUST301,Arjun,Male,US,2004-12-21,2023-03-06,0
CUST302,Vihaan,Male,US,1977-12-29,2018-07-10,0
CUST303,John,Male,India,1980-01-01,2021-02-13,1
CUST304,Vihaan,Male,UK,1992-08-04,2019-12-26,1
CUST305,Aarav,Male,US,1987-01-25,2021-05-14,1
CUST306,Vihaan,Male,India,2000-02-02,2020-11-05,0
CUST307,James,Male,India,1984-03-23,2022-10-02,1
CUST308,Oliver,Male,US,1990-08-27,2018-08-24,0
CUST309,David,Male,UK,1999-04-30,2023-06-19,0
CUST310,Noah,Male,UK,2003-09-03,2022-08-26,1
CUST311,Aarav,Male,UK,1982-04-04,2019-07-14,1
CUST312,John,Male,India,1989-11-29,2018-01-13,0
CUST313,Noah,Male,India,2003-08-26,2020-03-31,0
CUST314,Aarav,Male,UK,1978-04-13,2022-03-09,0
CUST315,David,Male,US,1992-12-30,2020-07-18,0
CUST316,John,Male,US,1988-02-22,2022-01-17,0
CUST317,Aarav,Male,UK,1981-02-22,2018-11-19,0
CUST318,Vihaan,Male,UK,1986-05-16,2020-06-26,1
CUST319,James,Male,US,2001-05-25,2020-06-24,1
CUST320,Kabir,Male,India,2008-01-11,2020-11-15,1
CUST321,David,Male,UK,1979-02-20,2019-08-04,1
CUST322,Oliver,Male,India,2004-02-03,2019-09-24,0
CUST323,David,Male,India,2001-01-18,2018-04-23,0
CUST324,Rahul,Male,India,1983-08-22,2022-04-21,1
CUST325,Rahul,Male,India,1988-11-18,2018-09-03,1
CUST326,David,Male,US,1982-01-17,2018-09-22,0
CUST327,Oliver,Male,UK,1999-03-25,2022-09-03,1
CUST328,Vihaan,Male,UK,1991-12-23,2022-10-31,0
CUST329,David,Male,India,1975-01-03,2020-07-30,1
CUST330,Noah,Male,US,1993-06-03,2021-03-20,1
CUST331,Rahul,Male,India,1979-05-02,2020-04-09,1
CUST332,Arjun,Male,UK,2001-11-22,2020-07-31,1
CUST333,Vihaan,Male,India,1993-10-03,2022-09-26,0
CUST334,David,Male,UK,2000-07-31,2020-03-31,0
CUST335,David,Male,US,1988-01-31,2022-03-08,0
CUST336,John,Male,India,2009-02-11,2018-12-11,0
CUST337,Oliver,Male,US,1997-01-15,2019-02-02,1
CUST338,Arjun,Male,India,1984-10-06,2018-07-30,1
CUST339,Kabir,Male,India,1981-12-12,2021-05-18,0
CUST340,Arjun,Male,US,2008-10-31,2021-07-10,1
CUST341,Noah,Male,US,2008-04-01,2021-04-01,1
CUST342,John,Male,India,1980-12-08,2020-06-19,1
CUST343,James,Male,US,2002-06-27,2019-09-13,0
CUST344,John,Male,US,1996-12-03,2018-06-01,1
CUST345,James,Male,US,1975-11-08,2018-04-27,1
CUST346,Vihaan,Male,India,2003-01-31,2022-11-05,1
CUST347,James,Male,UK,2000-03-13,2021-02-09,0
CUST348,James,Male,India,1999-10-23,2021-08-27,1
CUST349,Noah,Male,India,1995-07-02,2020-10-23,0
CUST350,James,Male,US,1978-10-22,2022-07-19,0
CUST351,Oliver,Male,India,2003-02-24,2018-12-20,0
CUST352,James,Male,UK,1993-11-16,2020-12-09,0
CUST353,John,Male,US,1990-11-21,2023-02-23,1
CUST354,David,Male,UK,2008-11-26,2019-11-24,0
CUST355,John,Male,India,1977-02-13,2019-11-07,1
CUST356,Rahul,Male,UK,1985-06-20,2022-01-22,0
CUST357,John,Male,UK,1977-10-27,2021-04-08,0
CUST358,John,Male,UK,1988-01-30,2023-06-05,1
CUST359,Arjun,Male,India,2000-11-09,2021-12-22,1
CUST360,Oliver,Male,US,1991-01-23,2021-08-10,0
CUST361,Oliver,Male,UK,1978-05-11,2021-08-16,1
CUST362,Oliver,Male,US,1990-05-25,2018-02-07,1
CUST363,Arjun,Male,US,1983-10-10,2019-12-01,0
CUST364,Kabir,Male,India,1980-05-02,2018-11-14,1
CUST365,Vihaan,Male,UK,1996-12-08,2022-04-28,0
CUST366,John,Male,India,2008-07-16,2021-06-19,1
CUST367,Arjun,Male,UK,1981-06-11,2019-01-06,0
CUST368,James,Male,US,1976-02-15,2020-04-21,0
CUST369,James,Male,UK,2001-07-21,2019-08-07,1
CUST370,Kabir,Male,US,1998-02-13,2019-05-05,1
CUST371,Kabir,Male,UK,1990-08-31,2021-10-21,1
CUST372,James,Male,US,2008-09-05,2019-08-01,1
CUST373,Arjun,Male,UK,1983-02-14,2022-06-29,0
CUST374,Rahul,Male,US,1976-07-03,2021-08-06,1
CUST375,Oliver,Male,UK,1978-10-07,2021-12-27,0
CUST376,Rahul,Male,India,1977-12-05,2022-04-12,1
CUST377,James,Male,US,1997-03-11,2018-10-29,0
CUST378,Kabir,Male,US,1994-05-27,2022-12-17,0
CUST379,David,Male,UK,1976-07-21,2020-03-22,1
CUST380,Kabir,Male,US,1991-06-27,2018-06-17,0
CUST381,Aarav,Male,India,1988-06-17,2023-03-22,1
CUST382,Arjun,Male,US,1980-05-03,2018-03-20,1
CUST383,Arjun,Male,US,2008-03-15,2021-12-15,1
CUST384,Noah,Male,India,1974-05-27,2023-01-30,0
CUST385,Rahul,Male,India,1983-11-03,2022-09-07,1
CUST386,Vihaan,Male,India,2008-12-24,2019-08-14,1
CUST387,Vihaan,Male,US,1976-04-22,2019-05-04,1
CUST388,Vihaan,Male,US,1979-02-20,2022-09-10,0
CUST389,Oliver,Male,UK,1999-12-17,2019-05-11,0
CUST390,Rahul,Male,UK,1993-06-02,2018-01-04,1
CUST391,Kabir,Male,India,1999-10-06,2020-05-03,0
CUST392,Oliver,Male,UK,1990-05-05,2018-05-19,0
CUST393,David,Male,UK,1995-04-03,2018-03-31,1
CUST394,John,Male,India,1985-07-17,2022-03-11,1
CUST395,Vihaan,Male,UK,1989-08-19,2019-05-09,0
CUST396,Noah,Male,US,2007-02-22,2022-03-30,0
CUST397,Aarav,Male,US,1989-12-20,2021-01-23,0
CUST398,James,Male,UK,2005-05-11,2020-09-07,0
CUST399,Arjun,Male,US,1976-12-29,2022-01-06,0
CUST400,Rahul,Male,India,1983-03-17,2018-03-31,0
CUST401,John,Male,US,1988-01-28,2020-11-21,1
CUST402,Rahul,Male,UK,1975-10-22,2022-03-23,0
CUST403,Rahul,Male,India,1990-03-06,2022-11-01,1
CUST404,Rahul,Male,US,1979-10-01,2022-06-26,1
CUST405,David,Male,US,2007-07-05,2020-06-19,1
CUST406,Arjun,Male,US,1996-06-03,2021-11-18,1
CUST407,Oliver,Male,India,1986-02-16,2022-06-29,1
CUST408,Vihaan,Male,India,1993-06-25,2021-05-18,1
CUST409,John,Male,US,1978-10-07,2018-06-13,1
CUST410,Rahul,Male,UK,1994-03-02,2021-05-19,1
CUST411,Arjun,Male,US,2005-02-08,2020-06-28,1
CUST412,Aarav,Male,US,2006-10-08,2022-11-17,1
CUST413,Rahul,Male,India,2002-11-07,2022-06-09,0
CUST414,David,Male,UK,1990-06-18,2020-11-16,0
CUST415,Aarav,Male,UK,1980-07-27,2022-10-05,1
CUST416,Aarav,Male,India,1979-10-30,2018-05-18,1
CUST417,John,Male,UK,1991-05-04,2023-04-29,0
CUST418,Noah,Male,US,1981-01-17,2021-10-22,1
CUST419,John,Male,India,1994-01-29,2022-04-12,0
CUST420,Oliver,Male,US,1990-08-17,2020-03-26,1
CUST421,Kabir,Male,UK,1979-04-03,2018-02-23,0
CUST422,James,Male,UK,1997-05-22,2020-03-03,0
CUST423,Rahul,Male,UK,2008-12-05,2019-06-18,1
CUST424,Kabir,Male,UK,2001-08-11,2019-08-08,1
CUST425,Kabir,Male,India,1979-09-01,2018-10-05,1
CUST426,Arjun,Male,India,2006-03-01,2020-06-30,1
CUST427,John,Male,UK,2005-12-29,2018-05-13,1
CUST428,Rahul,Male,UK,1981-03-25,2021-12-28,0
CUST429,John,Male,India,1996-12-26,2019-04-05,0
CUST430,Arjun,Male,US,1984-10-13,2022-06-07,0
CUST431,John,Male,US,1999-01-07,2021-03-18,1
CUST432,Oliver,Male,India,1979-12-27,2021-06-07,0
CUST433,Rahul,Male,UK,1992-01-10,2022-01-08,1
CUST434,Oliver,Male,US,1992-08-04,2022-04-25,0
CUST435,Arjun,Male,India,1988-05-21,2021-08-08,1
CUST436,James,Male,US,2004-09-02,2020-11-25,0
CUST437,Oliver,Male,India,2002-11-12,2021-04-18,0
CUST438,David,Male,India,1996-09-20,2023-02-09,0
CUST439,Oliver,Male,India,1981-01-11,2019-09-15,0
CUST440,John,Male,US,2005-12-25,2019-04-07,1
CUST441,Vihaan,Male,UK,1985-05-28,2019-02-07,1
CUST442,Arjun,Male,UK,2002-03-15,2019-09-13,0
CUST443,Oliver,Male,UK,2002-12-01,2018-12-12,0
CUST444,Arjun,Male,UK,2003-09-18,2021-07-02,1
CUST445,Noah,Male,India,1976-01-05,2022-08-18,0
CUST446,Aarav,Male,UK,2002-12-09,2022-04-29,1
CUST447,Kabir,Male,US,2008-07-26,2021-03-17,0
CUST448,James,Male,US,2002-04-19,2021-01-22,1
CUST449,James,Male,UK,1985-02-24,2022-07-07,1
CUST450,Rahul,Male,UK,1994-07-05,2018-05-30,0
CUST451,Arjun,Male,US,1993-11-19,2020-05-01,1
CUST452,Kabir,Male,India,1989-06-04,2021-05-27,1
CUST453,John,Male,US,2007-02-06,2022-10-29,1
CUST454,Arjun,Male,UK,2008-04-14,2020-01-29,0
CUST455,John,Male,India,1985-01-03,2020-08-13,1
CUST456,James,Male,India,1985-04-14,2018-10-16,0
CUST457,Rahul,Male,UK,1991-05-25,2022-11-05,1
CUST458,Kabir,Male,US,1981-04-30,2022-07-25,1
CUST459,Kabir,Male,US,2008-05-24,2018-11-23,1
CUST460,James,Male,India,1988-01-03,2020-10-15,0
CUST461,David,Male,India,1996-11-02,2020-07-25,0
CUST462,Noah,Male,India,1989-12-29,2018-04-10,1
CUST463,James,Male,UK,2000-12-19,2022-12-13,1
CUST464,Rahul,Male,India,1998-03-29,2018-01-17,1
CUST465,Arjun,Male,US,1986-01-11,2022-01-29,1
CUST466,John,Male,India,1976-03-12,2020-03-31,0
CUST467,John,Male,India,1998-12-25,2019-08-15,1
CUST468,Oliver,Male,UK,1994-05-14,2022-04-15,1
CUST469,Noah,Male,India,2004-09-07,2021-06-05,0
CUST470,Vihaan,Male,US,1991-11-01,2020-02-04,1
CUST471,Arjun,Male,UK,1983-02-04,2021-05-18,1
CUST472,Oliver,Male,India,1975-12-21,2018-04-03,0
CUST473,John,Male,US,1995-06-01,2020-11-29,0
CUST474,Noah,Male,US,1997-04-16,2018-10-14,1
CUST475,Arjun,Male,UK,1991-10-17,2021-06-16,1
CUST476,Noah,Male,UK,1989-04-03,2020-11-04,1
CUST477,Noah,Male,India,1987-08-12,2020-08-30,1
CUST478,John,Male,US,2004-05-22,2018-08-13,1
CUST479,Aarav,Male,US,2000-12-09,2020-08-29,0
CUST480,Aarav,Male,India,2000-05-04,2020-09-10,1
CUST481,Arjun,Male,India,2004-09-13,2019-05-12,0
CUST482,Kabir,Male,US,1975-01-06,2020-06-22,1
CUST483,Arjun,Male,India,1992-09-08,2021-11-15,1
CUST484,Oliver,Male,US,2008-12-05,2021-06-06,0
CUST485,Arjun,Male,UK,1997-06-07,2019-03-01,1
CUST486,James,Male,US,1997-09-26,2020-02-11,0
CUST487,James,Male,UK,1998-01-29,2019-12-03,1
CUST488,Rahul,Male,India,2001-07-13,2020-09-18,0
CUST489,Rahul,Male,India,1999-03-14,2019-09-04,1
CUST490,Rahul,Male,UK,2005-10-14,2019-03-01,1
CUST491,John,Male,UK,1995-09-09,2019-12-16,1
CUST492,Rahul,Male,UK,1979-08-19,2021-03-20,1
CUST493,David,Male,India,1989-08-24,2023-05-10,1
CUST494,Aarav,Male,UK,1987-01-25,2023-05-11,0
CUST495,John,Male,US,1994-01-03,2021-09-05,1
CUST496,Kabir,Male,UK,1983-03-25,2022-08-23,1
CUST497,Oliver,Male,India,2005-05-24,2019-07-11,0
CUST498,Noah,Male,India,2007-05-26,2021-04-16,0
CUST499,Aarav,Male,UK,2004-03-18,2023-01-28,0
CUST500,Priya,Female,US,1976-07-09,2018-07-25,1
CUST501,Sophia,Female,India,1978-09-04,2021-10-27,0
CUST502,Amelia,Female,UK,1981-04-01,2020-04-13,1
CUST503,Sophia,Female,US,2003-05-07,2019-02-13,1
CUST504,Anaya,Female,India,2003-02-20,2018-05-02,0
CUST505,Amelia,Female,India,2007-04-20,2022-01-20,0
CUST506,Olivia,Female,India,1982-01-19,2023-03-28,1
CUST507,Sophia,Female,UK,1982-07-10,2023-04-03,1
CUST508,Aanya,Female,UK,1974-07-31,2019-09-04,0
CUST509,Emma,Female,UK,1986-12-06,2020-07-19,1
CUST510,Meera,Female,US,1996-10-13,2020-08-16,0
CUST511,Ishita,Female,UK,1988-12-30,2018-11-29,1
CUST512,Anaya,Female,India,2006-05-26,2019-01-17,1
CUST513,Anaya,Female,India,1999-08-20,2021-10-13,0
CUST514,Ava,Female,US,2002-10-25,2023-01-12,1
CUST515,Amelia,Female,US,1988-11-15,2018-06-27,0
CUST516,Meera,Female,US,1980-06-21,2020-09-04,0
CUST517,Aanya,Female,India,1985-11-11,2020-02-25,1
CUST518,Anaya,Female,UK,1988-12-13,2019-09-11,0
CUST519,Anaya,Female,UK,2003-06-27,2020-01-07,0
CUST520,Aanya,Female,US,2004-02-14,2018-08-31,1
CUST521,Meera,Female,UK,1992-05-08,2021-11-06,1
CUST522,Ishita,Female,US,2002-10-25,2023-02-20,1
CUST523,Ava,Female,India,1984-01-27,2019-03-25,1
CUST524,Meera,Female,UK,1994-07-29,2022-03-12,1
CUST525,Olivia,Female,US,2005-08-26,2021-01-29,0
CUST526,Priya,Female,UK,2004-09-06,2022-03-26,0
CUST527,Amelia,Female,UK,1994-03-16,2020-12-17,1
CUST528,Ishita,Female,India,1999-06-22,2018-08-18,0
CUST529,Ava,Female,India,1998-03-28,2018-11-03,1
CUST530,Amelia,Female,UK,1993-12-26,2018-08-27,0
CUST531,Ava,Female,UK,1996-02-03,2018-07-06,1
CUST532,Aanya,Female,UK,1994-07-04,2018-09-28,1
CUST533,Sophia,Female,UK,1999-06-18,2018-04-29,1
CUST534,Anaya,Female,US,2006-08-11,2018-02-14,1
CUST535,Aanya,Female,UK,2007-08-15,2019-03-23,0
CUST536,Aanya,Female,UK,1993-03-03,2019-12-07,0
CUST537,Amelia,Female,India,1976-11-13,2023-03-30,1
CUST538,Aanya,Female,India,1987-01-16,2020-04-17,0
CUST539,Olivia,Female,US,1990-12-18,2022-12-31,1
CUST540,Olivia,Female,UK,1991-01-06,2018-06-14,0
CUST541,Emma,Female,UK,1979-06-27,2019-01-01,1
CUST542,Amelia,Female,India,1979-11-17,2022-01-30,0
CUST543,Aanya,Female,UK,1987-07-20,2020-08-06,1
CUST544,Amelia,Female,India,1991-03-07,2022-08-14,0
CUST545,Sophia,Female,US,1989-09-10,2018-11-14,0
CUST546,Ishita,Female,UK,1975-08-11,2022-07-16,1
CUST547,Ava,Female,India,2008-07-12,2023-04-02,0
CUST548,Priya,Female,UK,1977-03-08,2018-07-26,0
CUST549,Sophia,Female,UK,2000-12-24,2021-10-08,0
CUST550,Priya,Female,US,2007-05-21,2018-04-01,1
CUST551,Priya,Female,India,1998-05-18,2019-03-21,0
CUST552,Amelia,Female,UK,1987-02-21,2019-04-25,1
CUST553,Ava,Female,UK,2000-12-26,2022-05-02,1
CUST554,Priya,Female,India,1987-09-14,2022-11-30,0
CUST555,Olivia,Female,India,1987-08-24,2019-07-18,0
CUST556,Olivia,Female,India,1999-02-06,2020-10-12,1
CUST557,Olivia,Female,US,2009-05-31,2020-12-10,1
CUST558,Olivia,Female,US,1980-11-09,2019-09-07,0
CUST559,Amelia,Female,India,1995-05-29,2019-05-09,1
CUST560,Meera,Female,India,1994-12-08,2023-02-17,1
CUST561,Olivia,Female,India,1999-03-01,2020-12-21,1
CUST562,Priya,Female,US,1985-08-08,2019-02-21,0
CUST563,Sophia,Female,UK,1990-10-23,2018-07-09,0
CUST564,Aanya,Female,UK,1986-03-17,2020-02-12,0
CUST565,Ishita,Female,UK,1982-08-09,2022-07-06,0
CUST566,Sophia,Female,US,1983-07-15,2022-11-16,1
CUST567,Aanya,Female,India,1983-09-01,2023-04-04,0
CUST568,Sophia,Female,UK,1985-01-17,2021-11-25,0
CUST569,Olivia,Female,US,1984-11-25,2021-02-04,1
CUST570,Olivia,Female,UK,1995-01-30,2020-12-28,1
CUST571,Anaya,Female,UK,1985-11-24,2020-01-07,1
CUST572,Sophia,Female,UK,1978-08-03,2022-07-03,1
CUST573,Emma,Female,US,1983-04-12,2020-01-30,1
CUST574,Aanya,Female,India,1999-05-26,2022-11-05,0
CUST575,Aanya,Female,UK,1985-11-11,2021-02-07,1
CUST576,Anaya,Female,US,1981-01-01,2019-02-06,0
CUST577,Olivia,Female,India,1999-09-22,2022-09-03,1
CUST578,Amelia,Female,UK,2003-07-13,2023-04-17,1
CUST579,Anaya,Female,US,2008-05-28,2022-08-10,1
CUST580,Sophia,Female,US,1981-09-17,2022-02-09,0
CUST581,Meera,Female,US,2006-06-23,2021-01-24,0
CUST582,Amelia,Female,India,2002-12-15,2023-05-15,0
CUST583,Ishita,Female,India,2004-02-21,2018-04-10,1
CUST584,Meera,Female,India,2002-06-16,2019-04-19,0
CUST585,Aanya,Female,US,1983-12-23,2020-11-01,1
CUST586,Aanya,Female,UK,2001-11-17,2021-07-30,1
CUST587,Sophia,Female,UK,1974-11-14,2018-01-14,1
CUST588,Aanya,Female,UK,1974-12-01,2020-12-20,1
CUST589,Amelia,Female,UK,1987-01-10,2018-02-05,1
CUST590,Meera,Female,India,1978-12-19,2023-02-24,0
CUST591,Priya,Female,UK,1982-10-10,2021-06-23,1
CUST592,Emma,Female,US,1986-02-26,2022-06-17,0
CUST593,Emma,Female,UK,1992-05-18,2020-07-29,0
CUST594,Priya,Female,India,1987-08-15,2021-11-01,0
CUST595,Ishita,Female,US,1992-05-06,2020-02-16,1
CUST596,Aanya,Female,UK,2002-09-23,2018-01-20,0
CUST597,Ishita,Female,US,1996-08-02,2022-09-28,1
CUST598,Ava,Female,UK,1978-06-11,2023-01-07,0
CUST599,Priya,Female,UK,1983-08-25,2023-01-20,1
CUST600,Anaya,Female,India,1976-04-02,2023-03-08,1
CUST601,Amelia,Female,India,1999-06-11,2021-09-09,0
CUST602,Emma,Female,India,1974-11-13,2023-05-24,0
CUST603,Olivia,Female,India,1977-08-13,2019-09-05,0
CUST604,Ava,Female,UK,1991-08-15,2021-10-18,1
CUST605,Olivia,Female,India,2008-01-22,2022-02-23,0
CUST606,Amelia,Female,US,2007-08-09,2023-06-19,0
CUST607,Ishita,Female,India,1993-10-09,2019-04-21,1
CUST608,Ava,Female,UK,2008-08-29,2021-06-11,1
CUST609,Emma,Female,US,1975-06-30,2021-07-22,1
CUST610,Sophia,Female,UK,1984-05-25,2019-12-30,1
CUST611,Olivia,Female,UK,1982-07-01,2021-10-24,1
CUST612,Ishita,Female,US,2008-10-20,2021-06-20,0
CUST613,Ishita,Female,India,1977-11-05,2019-07-03,1
CUST614,Meera,Female,US,2007-05-06,2020-03-08,1
CUST615,Ishita,Female,US,1978-04-09,2018-01-11,1
CUST616,Emma,Female,India,2008-04-25,2019-07-07,0
CUST617,Ishita,Female,US,1982-07-28,2020-06-01,1
CUST618,Ishita,Female,US,1975-05-06,2018-07-03,0
CUST619,Ava,Female,US,2000-12-28,2022-05-26,1
CUST620,Aanya,Female,US,1987-04-04,2020-04-27,0
CUST621,Amelia,Female,UK,1985-01-20,2021-03-17,0
CUST622,Olivia,Female,US,1981-10-08,2018-10-12,1
CUST623,Anaya,Female,India,1996-04-14,2018-10-26,0
CUST624,Olivia,Female,US,1986-07-18,2020-05-12,1
CUST625,Ishita,Female,India,1990-05-13,2019-05-31,1
CUST626,Ava,Female,US,2001-10-29,2019-02-05,0
CUST627,Meera,Female,US,1987-10-31,2018-01-14,1
CUST628,Ava,Female,US,1991-03-17,2022-07-05,1
CUST629,Emma,Female,UK,1993-06-25,2022-07-29,0
CUST630,Anaya,Female,UK,1988-07-19,2021-05-20,0
CUST631,Sophia,Female,US,1988-04-04,2018-12-30,1
CUST632,Anaya,Female,UK,2007-02-17,2021-11-24,1
CUST633,Ava,Female,US,2009-03-29,2019-05-12,1
CUST634,Anaya,Female,US,2009-06-01,2020-03-15,0
CUST635,Ava,Female,UK,1983-02-16,2021-04-27,0
CUST636,Amelia,Female,UK,1975-05-16,2023-05-06,1
CUST637,Priya,Female,US,1993-10-31,2022-06-22,0
CUST638,Olivia,Female,India,2004-05-09,2020-10-19,1
CUST639,Priya,Female,India,1985-07-01,2021-09-10,1
CUST640,Olivia,Female,UK,1977-06-25,2020-07-08,1
CUST641,Ava,Female,UK,1992-02-22,2020-12-30,1
CUST642,Amelia,Female,US,1975-10-25,2022-06-08,0
CUST643,Ishita,Female,UK,2008-08-28,2019-05-24,1
CUST644,Meera,Female,India,2003-03-10,2021-06-08,1
CUST645,Emma,Female,India,1993-06-22,2018-08-05,0
CUST646,Anaya,Female,UK,1984-02-15,2020-11-11,0
CUST647,Sophia,Female,US,1990-12-12,2020-03-12,0
CUST648,Emma,Female,India,1975-04-08,2020-09-15,1
CUST649,Olivia,Female,UK,1978-01-06,2018-08-26,0
CUST650,Emma,Female,US,1988-02-27,2019-12-04,0
CUST651,Amelia,Female,US,1995-10-30,2019-12-15,0
CUST652,Sophia,Female,US,2006-07-21,2021-11-27,1
CUST653,Ishita,Female,UK,1987-08-20,2018-04-02,0
CUST654,Aanya,Female,India,1989-07-21,2021-08-20,0
CUST655,Priya,Female,UK,1997-04-24,2018-12-24,0
CUST656,Emma,Female,US,1999-04-12,2020-05-23,0
CUST657,Olivia,Female,India,2002-05-31,2019-01-13,1
CUST658,Olivia,Female,UK,1975-06-23,2022-02-19,0
CUST659,Sophia,Female,US,2000-09-23,2020-05-29,0
CUST660,Priya,Female,UK,1983-05-25,2019-07-25,0
CUST661,Ava,Female,UK,1978-09-24,2022-06-26,0
CUST662,Emma,Female,US,1988-10-14,2019-02-08,0
CUST663,Anaya,Female,US,2004-04-01,2022-11-02,1
CUST664,Ava,Female,US,1991-08-07,2021-06-05,0
CUST665,Emma,Female,US,1989-12-14,2022-09-28,0
CUST666,Anaya,Female,India,2001-09-23,2021-04-23,0
CUST667,Emma,Female,US,1979-06-15,2019-05-04,0
CUST668,Meera,Female,India,1990-11-29,2021-11-21,1
CUST669,Olivia,Female,UK,2000-12-01,2018-10-10,1
CUST670,Olivia,Female,UK,1982-07-01,2020-09-23,0
CUST671,Amelia,Female,US,1981-08-25,2020-09-29,0
CUST672,Meera,Female,US,1988-04-11,2022-09-21,0
CUST673,Emma,Female,India,1974-08-06,2020-09-19,0
CUST674,Olivia,Female,UK,1999-05-10,2020-11-01,1
CUST675,Olivia,Female,US,2004-11-17,2020-10-04,1
CUST676,Sophia,Female,UK,1981-09-01,2018-06-19,0
CUST677,Priya,Female,US,1987-04-08,2018-03-08,0
CUST678,Amelia,Female,US,1987-02-11,2018-12-11,1
CUST679,Amelia,Female,UK,1997-01-29,2018-08-20,0
CUST680,Anaya,Female,US,2008-12-07,2021-01-17,0
CUST681,Sophia,Female,US,1998-09-03,2019-03-24,0
CUST682,Priya,Female,India,1987-07-09,2022-11-27,1
CUST683,Anaya,Female,India,1989-10-20,2022-11-01,1
CUST684,Ishita,Female,India,2008-12-15,2022-07-21,0
CUST685,Ava,Female,UK,2005-01-28,2019-12-20,1
CUST686,Meera,Female,India,2001-10-21,2018-10-13,0
CUST687,Aanya,Female,UK,1999-09-27,2019-12-20,1
CUST688,Ava,Female,US,1998-05-02,2018-12-11,1
CUST689,Anaya,Female,UK,1999-11-09,2019-07-02,0
CUST690,Meera,Female,US,2007-10-24,2022-05-29,0
CUST691,Anaya,Female,UK,2003-08-03,2018-09-17,0
CUST692,Priya,Female,US,1980-09-22,2021-12-27,0
CUST693,Olivia,Female,UK,1996-02-14,2018-10-19,1
CUST694,Olivia,Female,India,1990-12-29,2020-07-14,0
CUST695,Olivia,Female,US,1997-04-17,2022-03-16,1
CUST696,Sophia,Female,UK,1996-01-22,2019-11-02,0
CUST697,Ishita,Female,US,2006-12-14,2023-06-14,1
CUST698,Ishita,Female,India,1998-02-20,2020-03-25,1
CUST699,Priya,Female,US,1996-05-10,2019-07-04,1
CUST700,Emma,Female,India,1998-09-19,2021-03-29,1
CUST701,Emma,Female,India,2004-10-12,2022-04-11,0
CUST702,Ishita,Female,US,2002-04-03,2022-05-25,0
CUST703,Ishita,Female,US,1981-04-02,2020-06-22,0
CUST704,Olivia,Female,India,1983-03-29,2021-11-11,1
CUST705,Meera,Female,UK,1986-06-16,2018-07-11,1
CUST706,Anaya,Female,UK,1977-11-11,2020-02-01,0
CUST707,Aanya,Female,US,1991-12-11,2021-07-05,0
CUST708,Olivia,Female,UK,2003-07-27,2018-07-06,0
CUST709,Aanya,Female,India,1983-09-27,2020-09-03,0
CUST710,Ava,Female,UK,1984-04-23,2020-11-29,1
CUST711,Aanya,Female,US,1974-07-12,2021-11-25,0
CUST712,Olivia,Female,US,2005-04-19,2018-09-28,0
CUST713,Priya,Female,UK,1991-05-08,2018-07-02,0
CUST714,Ishita,Female,US,1988-03-21,2020-01-23,0
CUST715,Olivia,Female,India,2008-11-10,2022-07-24,0
CUST716,Ishita,Female,India,1997-12-17,2021-02-27,0
CUST717,Sophia,Female,India,1989-12-01,2022-01-19,0
CUST718,Olivia,Female,US,2001-10-19,2021-11-07,0
CUST719,Ishita,Female,India,1978-09-03,2018-10-14,1
CUST720,Emma,Female,India,1993-06-05,2019-10-07,0
CUST721,Anaya,Female,India,2003-01-30,2018-06-22,1
CUST722,Aanya,Female,US,2003-09-13,2022-11-29,0
CUST723,Amelia,Female,India,2001-05-22,2020-11-09,1
CUST724,Anaya,Female,India,2003-02-24,2018-04-22,1
CUST725,Olivia,Female,US,1979-03-23,2019-05-09,0
CUST726,Amelia,Female,US,1974-09-15,2020-01-10,0
CUST727,Olivia,Female,US,1999-08-30,2020-05-11,0
CUST728,Sophia,Female,India,2008-09-20,2018-05-30,0
CUST729,Aanya,Female,India,1985-12-04,2019-03-18,0
CUST730,Olivia,Female,UK,1996-11-21,2019-08-10,1
CUST731,Olivia,Female,India,2005-08-24,2020-04-03,0
CUST732,Anaya,Female,India,1977-11-30,2019-09-27,0
CUST733,Meera,Female,US,1998-03-24,2019-11-01,0
CUST734,Anaya,Female,UK,2005-07-04,2020-06-14,0
CUST735,Aanya,Female,US,1985-02-17,2018-06-26,0
CUST736,Sophia,Female,India,2001-08-18,2021-05-31,1
CUST737,Meera,Female,UK,1979-07-10,2018-01-26,0
CUST738,Aanya,Female,US,1981-07-07,2020-10-13,1
CUST739,Meera,Female,UK,1990-11-05,2018-09-17,1
CUST740,Ishita,Female,India,2008-10-08,2023-01-17,1
CUST741,Olivia,Female,India,1986-05-14,2020-12-08,1
CUST742,Ava,Female,US,2002-04-25,2018-06-07,1
CUST743,Amelia,Female,US,1990-04-27,2018-04-24,0
CUST744,Emma,Female,India,1981-03-22,2019-06-07,0
CUST745,Priya,Female,India,2007-05-24,2020-11-08,0
CUST746,Aanya,Female,US,1985-02-18,2018-04-05,1
CUST747,Olivia,Female,India,1980-11-23,2019-01-02,1
CUST748,Priya,Female,US,1988-08-07,2019-05-24,1
CUST749,Anaya,Female,US,1977-08-29,2021-03-16,0
CUST750,Amelia,Female,India,2004-05-14,2023-01-22,0
CUST751,Priya,Female,US,1997-04-20,2018-04-05,0
CUST752,Sophia,Female,US,1986-10-30,2022-05-04,1
CUST753,Ishita,Female,India,1998-12-22,2020-07-24,1
CUST754,Priya,Female,US,1987-03-31,2021-02-28,0
CUST755,Sophia,Female,US,1990-09-07,2021-04-26,0
CUST756,Amelia,Female,India,2008-04-11,2022-06-19,0
CUST757,Aanya,Female,India,1992-07-23,2018-02-18,1
CUST758,Aanya,Female,UK,1989-03-11,2018-01-03,1
CUST759,Anaya,Female,UK,1978-10-30,2019-02-25,0
CUST760,Olivia,Female,India,1996-03-27,2023-05-23,0
CUST761,Anaya,Female,India,1978-05-04,2018-03-31,1
CUST762,Emma,Female,UK,1994-09-24,2023-06-19,0
CUST763,Ava,Female,India,1978-06-14,2020-11-01,1
CUST764,Ishita,Female,India,2000-09-18,2021-03-08,1
CUST765,Meera,Female,US,1984-10-14,2019-08-21,1
CUST766,Olivia,Female,UK,2005-08-06,2022-08-31,1
CUST767,Emma,Female,India,1994-06-22,2019-07-11,0
CUST768,Priya,Female,UK,1980-04-09,2022-05-17,0
CUST769,Meera,Female,US,1978-11-27,2018-12-03,1
CUST770,Emma,Female,UK,1992-05-26,2018-09-05,1
CUST771,Priya,Female,US,1994-06-09,2019-09-24,1
CUST772,Ishita,Female,UK,1978-03-22,2018-11-19,1
CUST773,Ava,Female,US,1975-12-22,2019-03-17,0
CUST774,Ishita,Female,US,2006-01-24,2019-05-24,1
CUST775,Amelia,Female,US,1976-05-12,2021-10-18,1
CUST776,Meera,Female,US,1975-07-24,2023-05-04,1
CUST777,Amelia,Female,India,2007-09-21,2021-01-31,0
CUST778,Sophia,Female,India,1978-09-26,2022-07-05,0
CUST779,Aanya,Female,India,1976-12-06,2022-08-28,0
CUST780,Priya,Female,UK,1992-02-19,2020-02-02,0
CUST781,Ava,Female,India,2000-06-15,2019-06-15,0
CUST782,Ishita,Female,UK,1983-01-13,2023-01-23,1
CUST783,Meera,Female,US,1978-04-16,2023-01-28,0
CUST784,Aanya,Female,India,1994-11-04,2018-04-14,1
CUST785,Olivia,Female,US,1996-06-02,2018-03-02,1
CUST786,Meera,Female,India,1990-01-16,2019-03-16,1
CUST787,Anaya,Female,India,1994-03-04,2022-12-15,0
CUST788,Ava,Female,India,2001-12-09,2021-06-17,1
CUST789,Sophia,Female,UK,1992-08-24,2022-12-13,1
CUST790,Aanya,Female,US,1978-02-06,2019-07-27,0
CUST791,Olivia,Female,UK,1983-02-10,2021-08-09,0
CUST792,Amelia,Female,UK,1975-01-15,2020-02-23,1
CUST793,Sophia,Female,US,1998-08-04,2022-05-20,1
CUST794,Ava,Female,US,1996-09-13,2019-10-21,1
CUST795,Meera,Female,UK,1975-05-03,2019-10-16,0
CUST796,Aanya,Female,India,2009-02-01,2019-07-30,1
CUST797,Amelia,Female,UK,1990-03-14,2022-04-20,0
CUST798,Meera,Female,UK,1978-08-28,2019-05-23,0
CUST799,Anaya,Female,UK,1998-02-07,2022-07-30,0
CUST800,Priya,Female,US,1999-12-28,2022-09-30,1
CUST801,Meera,Female,UK,1982-01-24,2019-04-30,1
CUST802,Emma,Female,UK,2000-09-13,2018-02-27,1
CUST803,Ava,Female,UK,1999-06-13,2018-10-19,0
CUST804,Sophia,Female,India,1998-06-26,2019-09-25,1
CUST805,Aanya,Female,India,1978-03-19,2018-04-26,0
CUST806,Aanya,Female,India,1997-10-12,2020-09-05,1
CUST807,Ava,Female,India,1983-03-15,2022-07-10,1
CUST808,Meera,Female,India,1988-09-05,2018-05-02,0
CUST809,Ava,Female,India,2005-10-10,2023-02-22,0
CUST810,Amelia,Female,India,1990-07-14,2023-05-22,1
CUST811,Olivia,Female,US,2000-06-14,2018-07-26,1
CUST812,Emma,Female,India,1980-04-14,2023-06-22,1
CUST813,Sophia,Female,India,2003-04-15,2019-10-12,1
CUST814,Priya,Female,India,2004-01-08,2021-04-21,1
CUST815,Anaya,Female,US,2007-02-02,2021-11-11,0
CUST816,Meera,Female,UK,2006-11-10,2018-01-04,1
CUST817,Ava,Female,UK,1975-08-14,2019-01-08,1
CUST818,Ava,Female,UK,1984-01-28,2021-08-02,0
CUST819,Sophia,Female,UK,1980-06-22,2019-11-10,0
CUST820,Priya,Female,India,1989-09-21,2019-10-17,0
CUST821,Emma,Female,US,1994-03-14,2018-01-24,0
CUST822,Priya,Female,US,2005-04-04,2018-05-19,1
CUST823,Ishita,Female,India,2006-06-25,2018-01-03,1
CUST824,Sophia,Female,India,2007-01-10,2020-05-09,1
CUST825,Sophia,Female,UK,1991-02-25,2019-12-21,1
CUST826,Ishita,Female,UK,1995-09-03,2022-06-04,0
CUST827,Meera,Female,India,1994-05-29,2018-05-31,1
CUST828,Aanya,Female,India,1988-06-17,2019-06-19,0
CUST829,Emma,Female,US,1981-10-18,2022-12-24,0
CUST830,Ishita,Female,India,1998-09-14,2023-04-13,1
CUST831,Ava,Female,US,2001-09-09,2023-01-04,0
CUST832,Olivia,Female,UK,2003-06-27,2018-12-04,1
CUST833,Meera,Female,US,1976-07-26,2018-07-27,0
CUST834,Priya,Female,UK,1992-07-10,2021-11-28,1
CUST835,Anaya,Female,India,1987-07-04,2019-05-02,0
CUST836,Olivia,Female,US,1999-10-24,2021-01-30,0
CUST837,Aanya,Female,US,1990-05-08,2018-01-08,0
CUST838,Anaya,Female,UK,2003-11-11,2021-07-04,1
CUST839,Priya,Female,India,1978-07-08,2018-02-22,0
CUST840,Anaya,Female,India,1977-11-03,2020-08-27,1
CUST841,Olivia,Female,UK,1995-04-16,2020-09-28,1
CUST842,Ishita,Female,US,2002-12-16,2021-01-19,0
CUST843,Emma,Female,India,1991-04-11,2020-01-27,1
CUST844,Aanya,Female,US,1985-12-22,2020-06-19,1
CUST845,Priya,Female,India,1986-03-19,2021-03-01,0
CUST846,Ishita,Female,US,1978-01-04,2021-09-30,1
CUST847,Ava,Female,India,1984-05-15,2021-02-07,1
CUST848,Amelia,Female,UK,1992-12-10,2023-06-01,1
CUST849,Ava,Female,US,1984-09-25,2020-09-02,0
CUST850,Olivia,Female,UK,2006-03-17,2018-03-13,0
CUST851,Ishita,Female,India,2008-02-17,2020-07-08,0
CUST852,Priya,Female,India,1982-10-23,2018-09-16,1
CUST853,Ishita,Female,India,2004-10-22,2020-06-10,0
CUST854,Ava,Female,UK,1985-09-25,2019-10-17,0
CUST855,Ishita,Female,US,1991-07-29,2021-02-13,1
CUST856,Anaya,Female,India,1997-06-23,2020-07-27,1
CUST857,Ishita,Female,India,1992-10-03,2018-11-03,0
CUST858,Ishita,Female,India,1999-05-29,2022-05-16,1
CUST859,Amelia,Female,US,1989-08-03,2022-12-03,1
CUST860,Olivia,Female,UK,2003-07-16,2020-09-21,1
CUST861,Aanya,Female,US,1981-11-21,2019-07-19,0
CUST862,Ava,Female,UK,2001-06-20,2021-10-26,1
CUST863,Aanya,Female,US,1991-12-02,2022-12-27,0
CUST864,Aanya,Female,US,2007-08-14,2020-08-31,1
CUST865,Aanya,Female,US,1989-04-27,2022-08-02,1
CUST866,Anaya,Female,UK,1996-03-20,2022-10-24,0
CUST867,Priya,Female,UK,1980-03-11,2019-09-08,1
CUST868,Emma,Female,US,1986-04-02,2022-02-01,0
CUST869,Priya,Female,US,1993-12-24,2019-03-09,1
CUST870,Amelia,Female,India,1990-12-09,2022-08-09,0
CUST871,Ishita,Female,UK,1988-02-14,2021-12-24,1
CUST872,Meera,Female,UK,2009-03-05,2022-10-10,0
CUST873,Meera,Female,India,1982-10-24,2022-11-28,0
CUST874,Priya,Female,India,1975-08-25,2020-07-23,1
CUST875,Priya,Female,US,1986-06-15,2020-01-25,1
CUST876,Ishita,Female,India,2004-09-20,2018-03-04,1
CUST877,Sophia,Female,India,2000-10-23,2020-07-02,1
CUST878,Ava,Female,US,1998-11-24,2019-12-18,0
CUST879,Anaya,Female,UK,2007-10-05,2022-08-29,0
CUST880,Anaya,Female,India,1975-05-25,2020-03-02,0
CUST881,Ava,Female,India,2009-02-22,2023-05-31,0
CUST882,Priya,Female,US,2004-07-25,2019-02-28,1
CUST883,Amelia,Female,UK,1975-01-24,2022-11-06,0
CUST884,Sophia,Female,India,1980-02-06,2021-08-18,0
CUST885,Priya,Female,US,1985-06-27,2021-05-30,1
CUST886,Olivia,Female,US,1991-01-20,2022-10-11,1
CUST887,Anaya,Female,US,1983-12-15,2020-08-13,1
CUST888,Ava,Female,UK,1978-10-03,2018-01-16,1
CUST889,Amelia,Female,UK,2003-03-16,2021-05-01,1
CUST890,Anaya,Female,US,2004-11-12,2018-08-10,0
CUST891,Emma,Female,US,1986-07-26,2021-08-04,1
CUST892,Anaya,Female,UK,2003-08-06,2021-12-27,1
CUST893,Priya,Female,India,1980-11-21,2020-11-25,0
CUST894,Ava,Female,US,1992-04-16,2021-09-14,0
CUST895,Aanya,Female,US,2003-07-26,2020-10-15,1
CUST896,Olivia,Female,UK,1992-04-24,2020-03-06,0
CUST897,Ava,Female,India,2005-12-05,2021-03-17,1
CUST898,Priya,Female,UK,2004-12-13,2020-12-30,1
CUST899,Emma,Female,India,1996-12-02,2019-09-07,0
CUST900,Anaya,Female,India,1978-07-18,2020-08-22,1
CUST901,Amelia,Female,India,2008-05-21,2023-02-13,1
CUST902,Ishita,Female,India,1984-02-19,2019-12-29,1
CUST903,Olivia,Female,US,2009-07-08,2022-12-22,1
CUST904,Anaya,Female,US,2000-06-06,2019-08-26,0
CUST905,Sophia,Female,UK,1976-07-28,2022-11-10,0
CUST906,Sophia,Female,India,1982-11-22,2020-10-21,1
CUST907,Amelia,Female,India,1987-07-20,2020-04-26,0
CUST908,Meera,Female,US,1983-02-24,2019-12-03,1
CUST909,Meera,Female,UK,1988-05-10,2022-11-02,0
CUST910,Ishita,Female,UK,1996-01-14,2019-11-13,0
CUST911,Emma,Female,India,2002-08-17,2018-04-29,1
CUST912,Anaya,Female,India,1983-07-23,2022-04-08,0
CUST913,Sophia,Female,India,2009-05-21,2022-04-13,0
CUST914,Ava,Female,US,1993-08-14,2021-07-21,1
CUST915,Olivia,Female,India,1995-07-31,2020-02-25,0
CUST916,Amelia,Female,US,1983-02-10,2022-02-05,0
CUST917,Emma,Female,UK,2008-02-12,2022-09-03,0
CUST918,Aanya,Female,UK,2004-07-09,2018-01-09,0
CUST919,Priya,Female,US,2005-04-10,2022-12-02,1
CUST920,Meera,Female,UK,1978-10-09,2020-02-25,1
CUST921,Meera,Female,India,1977-02-03,2022-08-15,1
CUST922,Anaya,Female,UK,1994-08-13,2022-01-30,1
CUST923,Olivia,Female,US,2004-12-21,2018-10-02,1
CUST924,Emma,Female,India,2007-10-24,2019-01-21,1
CUST925,Aanya,Female,UK,1984-05-30,2019-04-05,0
CUST926,Priya,Female,UK,2007-02-04,2018-02-14,0
CUST927,Ishita,Female,UK,1990-08-11,2021-12-27,0
CUST928,Olivia,Female,UK,2002-11-21,2019-06-08,0
CUST929,Ava,Female,India,1976-04-25,2021-09-17,0
CUST930,Aanya,Female,US,2005-02-07,2018-08-26,1
CUST931,Olivia,Female,US,1979-09-16,2021-01-25,1
CUST932,Meera,Female,UK,1983-05-20,2021-11-24,0
CUST933,Anaya,Female,India,1993-01-16,2021-09-17,1
CUST934,Ava,Female,India,2001-05-01,2021-12-06,1
CUST935,Ishita,Female,UK,1997-02-10,2022-01-12,0
CUST936,Anaya,Female,India,1979-04-12,2022-05-27,1
CUST937,Priya,Female,US,2001-06-25,2019-02-14,0
CUST938,Emma,Female,US,2005-09-20,2020-04-19,0
CUST939,Aanya,Female,India,1998-10-02,2020-10-13,1
CUST940,Emma,Female,India,1984-09-07,2018-01-06,0
CUST941,Ishita,Female,US,1999-12-02,2021-10-02,0
CUST942,Ishita,Female,India,2009-02-17,2020-11-13,0
CUST943,Anaya,Female,US,2003-01-25,2019-04-19,1
CUST944,Anaya,Female,India,1994-12-28,2018-04-13,0
CUST945,Aanya,Female,UK,1987-03-14,2020-01-08,1
CUST946,Olivia,Female,India,2007-04-18,2018-08-26,0
CUST947,Aanya,Female,UK,1980-05-16,2021-09-20,0
CUST948,Emma,Female,US,1990-03-15,2023-01-06,1
CUST949,Ishita,Female,US,1990-11-18,2022-07-28,0
CUST950,Ishita,Female,US,1992-02-22,2020-03-30,1
CUST951,Olivia,Female,US,2005-02-10,2022-10-09,1
CUST952,Meera,Female,UK,1979-03-28,2018-09-29,0
CUST953,Meera,Female,UK,1978-10-26,2020-05-02,1
CUST954,Ava,Female,India,2004-08-05,2020-06-16,1
CUST955,Emma,Female,UK,2001-08-03,2018-03-01,0
CUST956,Sophia,Female,US,1996-01-23,2018-08-20,1
CUST957,Aanya,Female,UK,1977-01-02,2019-06-20,1
CUST958,Aanya,Female,UK,2005-10-08,2022-11-14,0
CUST959,Emma,Female,UK,1997-06-13,2020-12-07,0
CUST960,Olivia,Female,India,2003-11-06,2022-01-28,1
CUST961,Emma,Female,UK,2003-12-09,2021-10-17,1
CUST962,Meera,Female,UK,1999-03-18,2023-01-01,0
CUST963,Aanya,Female,India,2003-01-10,2023-03-29,1
CUST964,Sophia,Female,US,1981-08-01,2018-06-03,1
CUST965,Priya,Female,US,1989-01-03,2023-06-10,0
CUST966,Amelia,Female,UK,1984-02-26,2021-02-01,1
CUST967,Olivia,Female,US,1984-09-15,2018-06-11,1
CUST968,Ava,Female,US,1994-04-07,2018-06-30,1
CUST969,Emma,Female,UK,1979-06-28,2020-10-15,0
CUST970,Ishita,Female,India,1992-04-05,2020-04-24,0
CUST971,Ishita,Female,UK,2009-09-06,2021-05-22,1
CUST972,Amelia,Female,UK,1999-05-23,2019-02-28,1
CUST973,Emma,Female,India,1990-06-19,2022-08-18,0
CUST974,Sophia,Female,UK,1989-01-21,2021-02-21,1
CUST975,Emma,Female,India,2006-04-12,2020-07-15,0
CUST976,Priya,Female,US,1974-04-06,2019-12-01,1
CUST977,Amelia,Female,UK,1997-07-31,2020-02-05,0
CUST978,Aanya,Female,India,1981-07-12,2020-10-05,1
CUST979,Ishita,Female,India,1985-07-28,2021-06-05,0
CUST980,Ishita,Female,US,1991-10-16,2019-03-18,0
CUST981,Emma,Female,US,1978-12-31,2022-03-31,0
CUST982,Ava,Female,US,1979-09-10,2022-05-01,1
CUST983,Ava,Female,US,1996-10-12,2018-10-03,0
CUST984,Amelia,Female,UK,2007-03-11,2018-04-10,1
CUST985,Ava,Female,UK,1995-10-30,2023-03-09,0
CUST986,Ava,Female,India,1981-12-15,2022-02-05,0
CUST987,Olivia,Female,UK,2003-08-29,2021-05-14,1
CUST988,Amelia,Female,UK,1991-06-03,2020-05-07,0
CUST989,Anaya,Female,US,1992-01-05,2023-05-28,1
CUST990,Sophia,Female,US,1980-02-24,2018-10-10,1
CUST991,Amelia,Female,UK,1988-03-31,2021-12-28,0
CUST992,Priya,Female,UK,1983-07-28,2021-07-02,1
CUST993,Emma,Female,UK,2004-04-29,2018-09-29,0
CUST994,Amelia,Female,UK,1998-07-02,2021-11-22,1
CUST995,Ishita,Female,UK,2008-04-16,2019-12-23,1
CUST996,Ava,Female,UK,1999-10-06,2023-04-15,1
CUST997,Amelia,Female,US,1986-12-28,2022-12-03,0
CUST998,Amelia,Female,US,1978-12-10,2018-02-21,0
CUST999,Aanya,Female,India,2004-03-25,2018-04-26,1
